F2201001913,2022-01-24,5103201713KW,TS SWT SUCRALOSE TABLET NFI 2SBX10BLISTERX300TABLETS KUWAIT,,,,,,,,
F2201001990,2022-01-24,5103201PCS,FORMING TS SWT SUCRALOSE TABLET NFI,,,,,,,,
F2201001982,2022-01-24,1101436453,NS SIRSAK PLS 4PX40SX12G,,,,,,,,
F2201001546,2022-01-24,1101436453,NS SIRSAK PLS 4PX40SX12G,,,,,,,,
F2201001547,2022-01-24,1101436453,NS SIRSAK PLS 4PX40SX12G,,,,,,,,
F2201001548,2022-01-24,1101436453,NS SIRSAK PLS 4PX40SX12G,,,,,,,,
F2201001549,2022-01-24,1101436453,NS SIRSAK PLS 4PX40SX12G,,,,,,,,
F2201001550,2022-01-24,1101436453,NS SIRSAK PLS 4PX40SX12G,,,,,,,,
F2201001551,2022-01-24,1101531453,NS LECI PLS 4PX40SX11G,,,,,,,,
F2201001580,2022-01-24,1101531453,NS LECI PLS 4PX40SX11G,,,,,,,,
F2201001581,2022-01-24,1101531453,NS LECI PLS 4PX40SX11G,,,,,,,,
F2201001582,2022-01-24,1101531453,NS LECI PLS 4PX40SX11G,,,,,,,,
F2201001583,2022-01-24,1101569326,NS JERUK PERAS PLS 18PX40SX14G,,,,,,,,
F2201001231,2022-01-24,1101569326,NS JERUK PERAS PLS 18PX40SX14G,,,,,,,,
F2201001232,2022-01-24,1101569326,NS JERUK PERAS PLS 18PX40SX14G,,,,,,,,
F2201001233,2022-01-24,1101569326,NS JERUK PERAS PLS 18PX40SX14G,,,,,,,,
F2201001234,2022-01-24,1101569326,NS JERUK PERAS PLS 18PX40SX14G,,,,,,,,
F2201001235,2022-01-24,1101569326,NS JERUK PERAS PLS 18PX40SX14G,,,,,,,,
F2201001236,2022-01-24,1101569326,NS JERUK PERAS PLS 18PX40SX14G,,,,,,,,
F2201001237,2022-01-24,1101569326,NS JERUK PERAS PLS 18PX40SX14G,,,,,,,,
F2201001238,2022-01-24,1101569326,NS JERUK PERAS PLS 18PX40SX14G,,,,,,,,
F2201001239,2022-01-24,1101569326,NS JERUK PERAS PLS 18PX40SX14G,,,,,,,,
F2201001240,2022-01-24,1101569326,NS JERUK PERAS PLS 18PX40SX14G,,,,,,,,
F2201001241,2022-01-24,1101569326,NS JERUK PERAS PLS 18PX40SX14G,,,,,,,,
F2201001242,2022-01-24,1101569326,NS JERUK PERAS PLS 18PX40SX14G,,,,,,,,
F2201001243,2022-01-24,1101569326,NS JERUK PERAS PLS 18PX40SX14G,,,,,,,,
F2201001244,2022-01-24,1101569326,NS JERUK PERAS PLS 18PX40SX14G,,,,,,,,
F2201001245,2022-01-24,1101569326,NS JERUK PERAS PLS 18PX40SX14G,,,,,,,,
F2201001246,2022-01-24,1101569326,NS JERUK PERAS PLS 18PX40SX14G,,,,,,,,
F2201001247,2022-01-24,1101569326,NS JERUK PERAS PLS 18PX40SX14G,,,,,,,,
F2201001248,2022-01-24,1101569326,NS JERUK PERAS PLS 18PX40SX14G,,,,,,,,
F2201001249,2022-01-24,1101569326,NS JERUK PERAS PLS 18PX40SX14G,,,,,,,,
F2201001250,2022-01-24,1101569326,NS JERUK PERAS PLS 18PX40SX14G,,,,,,,,
F2201001251,2022-01-24,1101569326,NS JERUK PERAS PLS 18PX40SX14G,,,,,,,,
F2201001252,2022-01-24,1101569326,NS JERUK PERAS PLS 18PX40SX14G,,,,,,,,
F2201001253,2022-01-24,1101569326,NS JERUK PERAS PLS 18PX40SX14G,,,,,,,,
F2201001254,2022-01-24,1101569326,NS JERUK PERAS PLS 18PX40SX14G,,,,,,,,
F2201001255,2022-01-24,1101569326,NS JERUK PERAS PLS 18PX40SX14G,,,,,,,,
F2201001256,2022-01-24,1101569326,NS JERUK PERAS PLS 18PX40SX14G,,,,,,,,
F2201001257,2022-01-24,1101569326,NS JERUK PERAS PLS 18PX40SX14G,,,,,,,,
F2201001258,2022-01-24,1101569326,NS JERUK PERAS PLS 18PX40SX14G,,,,,,,,
F2201001259,2022-01-24,1101569326,NS JERUK PERAS PLS 18PX40SX14G,,,,,,,,
F2201001260,2022-01-24,1101569326,NS JERUK PERAS PLS 18PX40SX14G,,,,,,,,
F2201001261,2022-01-24,1101569326,NS JERUK PERAS PLS 18PX40SX14G,,,,,,,,
F2201001262,2022-01-24,1101569326,NS JERUK PERAS PLS 18PX40SX14G,,,,,,,,
F2201001640,2022-01-24,1101569326,NS JERUK PERAS PLS 18PX40SX14G,,,,,,,,
F2201001641,2022-01-24,1101569326,NS JERUK PERAS PLS 18PX40SX14G,,,,,,,,
F2201001642,2022-01-24,1101569326,NS JERUK PERAS PLS 18PX40SX14G,,,,,,,,
F2201001643,2022-01-24,1101569326,NS JERUK PERAS PLS 18PX40SX14G,,,,,,,,
F2201001644,2022-01-24,1101569326,NS JERUK PERAS PLS 18PX40SX14G,,,,,,,,
F2201001645,2022-01-24,1101569326,NS JERUK PERAS PLS 18PX40SX14G,,,,,,,,
F2201001646,2022-01-24,1101569326,NS JERUK PERAS PLS 18PX40SX14G,,,,,,,,
F2201001647,2022-01-24,1101569326,NS JERUK PERAS PLS 18PX40SX14G,,,,,,,,
F2201001648,2022-01-24,1101569326,NS JERUK PERAS PLS 18PX40SX14G,,,,,,,,
F2201001649,2022-01-24,1101569326,NS JERUK PERAS PLS 18PX40SX14G,,,,,,,,
F2201001650,2022-01-24,1101569326,NS JERUK PERAS PLS 18PX40SX14G,,,,,,,,
F2201001651,2022-01-24,1101978453,NS MADU LEMON PLS 4PX40SX14G,,,,,,,,
F2201001872,2022-01-24,1101978453,NS MADU LEMON PLS 4PX40SX14G,,,,,,,,
F2201001873,2022-01-24,1101978453,NS MADU LEMON PLS 4PX40SX14G,,,,,,,,
F2201001874,2022-01-24,1101978453,NS MADU LEMON PLS 4PX40SX14G,,,,,,,,
F2201001875,2022-01-24,1101978453,NS MADU LEMON PLS 4PX40SX14G,,,,,,,,
F2201001876,2022-01-24,1101978453,NS MADU LEMON PLS 4PX40SX14G,,,,,,,,
F2201001877,2022-01-24,1101978453,NS MADU LEMON PLS 4PX40SX14G,,,,,,,,
F2201001878,2022-01-24,1101978453,NS MADU LEMON PLS 4PX40SX14G,,,,,,,,
F2201001879,2022-01-24,2102500125,TS SWT CLASSIC 50S (24D),,,,,,,,
F2201001906,2022-01-24,2102500125,TS SWT CLASSIC 50S (24D),,,,,,,,
F2201001907,2022-01-24,2102500125,TS SWT CLASSIC 50S (24D),,,,,,,,
F2201001908,2022-01-24,2102900130,TS SWT DIABETICS 100S (12D),,,,,,,,
F2201001909,2022-01-24,2102900130,TS SWT DIABETICS 100S (12D),,,,,,,,
F2201001910,2022-01-24,2102900130,TS SWT DIABETICS 100S (12D),,,,,,,,
F2201001911,2022-01-24,2102900130,TS SWT DIABETICS 100S (12D),,,,,,,,
F2201001912,2022-01-24,5103201PCS,FORMING TS SWT SUCRALOSE TABLET NFI,,,,,,,,
F2201001914,2022-01-24,5103201PCS,FORMING TS SWT SUCRALOSE TABLET NFI,,,,,,,,
F2201001915,2022-01-24,5103300125AE,TS SWT STEVIA DIET STICKS 24DX50SX1.5G DUBAI,,,,,,,,
F2201001917,2022-01-24,5103300125PK,TS SWT STEVIA DIET STICKS 24DX50SX1.5G PAKISTAN,,,,,,,,
F2201001916,2022-01-25,5103201711KW,TS SWT SUCRALOSE TABLET NFI 2SBX10BLISTERX100TABLETS KUWAIT,,,,,,,,
F2201001925,2022-01-25,5103201713KW,TS SWT SUCRALOSE TABLET NFI 2SBX10BLISTERX300TABLETS KUWAIT,,,,,,,,
F2201001991,2022-01-25,5103201713KW,TS SWT SUCRALOSE TABLET NFI 2SBX10BLISTERX300TABLETS KUWAIT,,,,,,,,
F2201001992,2022-01-25,5103201PCS,FORMING TS SWT SUCRALOSE TABLET NFI,,,,,,,,
F2201001983,2022-01-25,1101569326,NS JERUK PERAS PLS 18PX40SX14G,,,,,,,,
F2201001652,2022-01-25,1101569326,NS JERUK PERAS PLS 18PX40SX14G,,,,,,,,
F2201001653,2022-01-25,1101569326,NS JERUK PERAS PLS 18PX40SX14G,,,,,,,,
F2201001654,2022-01-25,1101569326,NS JERUK PERAS PLS 18PX40SX14G,,,,,,,,
F2201001655,2022-01-25,1101569326,NS JERUK PERAS PLS 18PX40SX14G,,,,,,,,
F2201001656,2022-01-25,1101569326,NS JERUK PERAS PLS 18PX40SX14G,,,,,,,,
F2201001657,2022-01-25,1101569326,NS JERUK PERAS PLS 18PX40SX14G,,,,,,,,
F2201001658,2022-01-25,1101569326,NS JERUK PERAS PLS 18PX40SX14G,,,,,,,,
F2201001659,2022-01-25,1101569326,NS JERUK PERAS PLS 18PX40SX14G,,,,,,,,
F2201001660,2022-01-25,1101569326,NS JERUK PERAS PLS 18PX40SX14G,,,,,,,,
F2201001661,2022-01-25,1101569326,NS JERUK PERAS PLS 18PX40SX14G,,,,,,,,
F2201001662,2022-01-25,1101569326,NS JERUK PERAS PLS 18PX40SX14G,,,,,,,,
F2201001663,2022-01-25,1101569326,NS JERUK PERAS PLS 18PX40SX14G,,,,,,,,
F2201001664,2022-01-25,1101569326,NS JERUK PERAS PLS 18PX40SX14G,,,,,,,,
F2201001665,2022-01-25,1101569326,NS JERUK PERAS PLS 18PX40SX14G,,,,,,,,
F2201001666,2022-01-25,1101569326,NS JERUK PERAS PLS 18PX40SX14G,,,,,,,,
F2201001667,2022-01-25,1101907331,NS FO PLS 14GX18PX40S,,,,,,,,
F2201001668,2022-01-25,1101907331,NS FO PLS 14GX18PX40S,,,,,,,,
F2201001669,2022-01-25,1101907331,NS FO PLS 14GX18PX40S,,,,,,,,
F2201001670,2022-01-25,1101907331,NS FO PLS 14GX18PX40S,,,,,,,,
F2201001671,2022-01-25,1101907331,NS FO PLS 14GX18PX40S,,,,,,,,
F2201001672,2022-01-25,1101907331,NS FO PLS 14GX18PX40S,,,,,,,,
F2201001673,2022-01-25,1101907331,NS FO PLS 14GX18PX40S,,,,,,,,
F2201001674,2022-01-25,1101907331,NS FO PLS 14GX18PX40S,,,,,,,,
F2201001675,2022-01-25,1101907331,NS FO PLS 14GX18PX40S,,,,,,,,
F2201001676,2022-01-25,1101907331,NS FO PLS 14GX18PX40S,,,,,,,,
F2201001677,2022-01-25,1101907331,NS FO PLS 14GX18PX40S,,,,,,,,
F2201001678,2022-01-25,1101907331,NS FO PLS 14GX18PX40S,,,,,,,,
F2201001679,2022-01-25,1101907331,NS FO PLS 14GX18PX40S,,,,,,,,
F2201001680,2022-01-25,1101907331,NS FO PLS 14GX18PX40S,,,,,,,,
F2201001681,2022-01-25,1101907331,NS FO PLS 14GX18PX40S,,,,,,,,
F2201001682,2022-01-25,1101907331,NS FO PLS 14GX18PX40S,,,,,,,,
F2201001683,2022-01-25,1101907331,NS FO PLS 14GX18PX40S,,,,,,,,
F2201001684,2022-01-25,1101907331,NS FO PLS 14GX18PX40S,,,,,,,,
F2201001685,2022-01-25,1101907331,NS FO PLS 14GX18PX40S,,,,,,,,
F2201001686,2022-01-25,1101907331,NS FO PLS 14GX18PX40S,,,,,,,,
F2201001687,2022-01-25,1101907331,NS FO PLS 14GX18PX40S,,,,,,,,
F2201001688,2022-01-25,1101907331,NS FO PLS 14GX18PX40S,,,,,,,,
F2201001689,2022-01-25,1101907331,NS FO PLS 14GX18PX40S,,,,,,,,
F2201001690,2022-01-25,1101907331,NS FO PLS 14GX18PX40S,,,,,,,,
F2201001691,2022-01-25,1101907331,NS FO PLS 14GX18PX40S,,,,,,,,
F2201001692,2022-01-25,1101907331,NS FO PLS 14GX18PX40S,,,,,,,,
F2201001693,2022-01-25,1101907331,NS FO PLS 14GX18PX40S,,,,,,,,
F2201001694,2022-01-25,1101907331,NS FO PLS 14GX18PX40S,,,,,,,,
F2201001695,2022-01-25,1101907331,NS FO PLS 14GX18PX40S,,,,,,,,
F2201001696,2022-01-25,1101907331,NS FO PLS 14GX18PX40S,,,,,,,,
F2201001697,2022-01-25,1101907331,NS FO PLS 14GX18PX40S,,,,,,,,
F2201001698,2022-01-25,1101907331,NS FO PLS 14GX18PX40S,,,,,,,,
F2201001699,2022-01-25,2102500130,TS SWT 100S (12D),,,,,,,,
F2201001918,2022-01-25,2102500130,TS SWT 100S (12D),,,,,,,,
F2201001919,2022-01-25,2102500130,TS SWT 100S (12D),,,,,,,,
F2201001920,2022-01-25,2102900125,TS SWT DIABETICS 50S (24D),,,,,,,,
F2201001921,2022-01-25,2102900125,TS SWT DIABETICS 50S (24D),,,,,,,,
F2201001922,2022-01-25,2102900125,TS SWT DIABETICS 50S (24D),,,,,,,,
F2201001923,2022-01-25,2102900125,TS SWT DIABETICS 50S (24D),,,,,,,,
F2201001924,2022-01-25,5103201PCS,FORMING TS SWT SUCRALOSE TABLET NFI,,,,,,,,
F2201001926,2022-01-25,5103201PCS,FORMING TS SWT SUCRALOSE TABLET NFI,,,,,,,,
F2201001927,2022-01-25,5103300125AE,TS SWT STEVIA DIET STICKS 24DX50SX1.5G DUBAI,,,,,,,,
F2201001929,2022-01-25,5103300130PK,TS SWT STEVIA DIET STICKS 12DX100SX1.5G PAKISTAN,,,,,,,,
F2201001928,2022-01-26,5103201711KW,TS SWT SUCRALOSE TABLET NFI 2SBX10BLISTERX100TABLETS KUWAIT,,,,,,,,
F2201001937,2022-01-26,5103201713KW,TS SWT SUCRALOSE TABLET NFI 2SBX10BLISTERX300TABLETS KUWAIT,,,,,,,,
F2201001993,2022-01-26,5103201PCS,FORMING TS SWT SUCRALOSE TABLET NFI,,,,,,,,
F2201001984,2022-01-26,5103201PCS,FORMING TS SWT SUCRALOSE TABLET NFI,,,,,,,,
F2201001985,2022-01-26,5103201PCS,FORMING TS SWT SUCRALOSE TABLET NFI,,,,,,,,
F2201001986,2022-01-26,TRIALRDNS351,TRIALRD NS ASO,,,,,,,,
031STTREAI2022/NS-ASO,2022-01-26,1101504453,NS JERUK EXTRA MANIS PLS 4PX40SX11G,,,,,,,,
F2201001552,2022-01-26,1101504453,NS JERUK EXTRA MANIS PLS 4PX40SX11G,,,,,,,,
F2201001553,2022-01-26,1101504453,NS JERUK EXTRA MANIS PLS 4PX40SX11G,,,,,,,,
F2201001554,2022-01-26,1101504453,NS JERUK EXTRA MANIS PLS 4PX40SX11G,,,,,,,,
F2201001555,2022-01-26,1101504453,NS JERUK EXTRA MANIS PLS 4PX40SX11G,,,,,,,,
F2201001556,2022-01-26,1101504453,NS JERUK EXTRA MANIS PLS 4PX40SX11G,,,,,,,,
F2201001557,2022-01-26,1101504453,NS JERUK EXTRA MANIS PLS 4PX40SX11G,,,,,,,,
F2201001558,2022-01-26,1101504453,NS JERUK EXTRA MANIS PLS 4PX40SX11G,,,,,,,,
F2201001559,2022-01-26,1101534453,NS SWEET MANGO PLS 4PX40SX11G,,,,,,,,
F2201001588,2022-01-26,1101534453,NS SWEET MANGO PLS 4PX40SX11G,,,,,,,,
F2201001589,2022-01-26,1101534453,NS SWEET MANGO PLS 4PX40SX11G,,,,,,,,
F2201001590,2022-01-26,1101534453,NS SWEET MANGO PLS 4PX40SX11G,,,,,,,,
F2201001591,2022-01-26,1101534453,NS SWEET MANGO PLS 4PX40SX11G,,,,,,,,
F2201001592,2022-01-26,1101534453,NS SWEET MANGO PLS 4PX40SX11G,,,,,,,,
F2201001593,2022-01-26,1101534453,NS SWEET MANGO PLS 4PX40SX11G,,,,,,,,
F2201001594,2022-01-26,1101534453,NS SWEET MANGO PLS 4PX40SX11G,,,,,,,,
F2201001595,2022-01-26,1101534453,NS SWEET MANGO PLS 4PX40SX11G,,,,,,,,
F2201001596,2022-01-26,1101534453,NS SWEET MANGO PLS 4PX40SX11G,,,,,,,,
F2201001597,2022-01-26,1101534453,NS SWEET MANGO PLS 4PX40SX11G,,,,,,,,
F2201001598,2022-01-26,1101534453,NS SWEET MANGO PLS 4PX40SX11G,,,,,,,,
F2201001599,2022-01-26,1101534453,NS SWEET MANGO PLS 4PX40SX11G,,,,,,,,
F2201001600,2022-01-26,1101534453,NS SWEET MANGO PLS 4PX40SX11G,,,,,,,,
F2201001601,2022-01-26,1101534453,NS SWEET MANGO PLS 4PX40SX11G,,,,,,,,
F2201001602,2022-01-26,1101534453,NS SWEET MANGO PLS 4PX40SX11G,,,,,,,,
F2201001603,2022-01-26,1101569326,NS JERUK PERAS PLS 18PX40SX14G,,,,,,,,
F2201001407,2022-01-26,1101569326,NS JERUK PERAS PLS 18PX40SX14G,,,,,,,,
F2201001408,2022-01-26,1101569326,NS JERUK PERAS PLS 18PX40SX14G,,,,,,,,
F2201001409,2022-01-26,1101569326,NS JERUK PERAS PLS 18PX40SX14G,,,,,,,,
F2201001410,2022-01-26,1101569326,NS JERUK PERAS PLS 18PX40SX14G,,,,,,,,
F2201001411,2022-01-26,1101569326,NS JERUK PERAS PLS 18PX40SX14G,,,,,,,,
F2201001412,2022-01-26,1101569326,NS JERUK PERAS PLS 18PX40SX14G,,,,,,,,
F2201001413,2022-01-26,1101569326,NS JERUK PERAS PLS 18PX40SX14G,,,,,,,,
F2201001414,2022-01-26,1101569326,NS JERUK PERAS PLS 18PX40SX14G,,,,,,,,
F2201001415,2022-01-26,1101569326,NS JERUK PERAS PLS 18PX40SX14G,,,,,,,,
F2201001416,2022-01-26,1101569326,NS JERUK PERAS PLS 18PX40SX14G,,,,,,,,
F2201001417,2022-01-26,1101569326,NS JERUK PERAS PLS 18PX40SX14G,,,,,,,,
F2201001418,2022-01-26,1101569326,NS JERUK PERAS PLS 18PX40SX14G,,,,,,,,
F2201001419,2022-01-26,1101569326,NS JERUK PERAS PLS 18PX40SX14G,,,,,,,,
F2201001420,2022-01-26,1101569326,NS JERUK PERAS PLS 18PX40SX14G,,,,,,,,
F2201001421,2022-01-26,1101569326,NS JERUK PERAS PLS 18PX40SX14G,,,,,,,,
F2201001422,2022-01-26,1101569326,NS JERUK PERAS PLS 18PX40SX14G,,,,,,,,
F2201001423,2022-01-26,1101569326,NS JERUK PERAS PLS 18PX40SX14G,,,,,,,,
F2201001424,2022-01-26,1101569326,NS JERUK PERAS PLS 18PX40SX14G,,,,,,,,
F2201001425,2022-01-26,1101569326,NS JERUK PERAS PLS 18PX40SX14G,,,,,,,,
F2201001426,2022-01-26,1101569326,NS JERUK PERAS PLS 18PX40SX14G,,,,,,,,
F2201001427,2022-01-26,1101569326,NS JERUK PERAS PLS 18PX40SX14G,,,,,,,,
F2201001428,2022-01-26,1101909331,NS ASO PLS 14GX18PX40S,,,,,,,,
F2201001722,2022-01-26,1101909331,NS ASO PLS 14GX18PX40S,,,,,,,,
F2201001723,2022-01-26,1101909331,NS ASO PLS 14GX18PX40S,,,,,,,,
F2201001724,2022-01-26,1101909331,NS ASO PLS 14GX18PX40S,,,,,,,,
F2201001725,2022-01-26,1101909331,NS ASO PLS 14GX18PX40S,,,,,,,,
F2201001726,2022-01-26,1101909331,NS ASO PLS 14GX18PX40S,,,,,,,,
F2201001727,2022-01-26,1101909331,NS ASO PLS 14GX18PX40S,,,,,,,,
F2201001728,2022-01-26,1101909331,NS ASO PLS 14GX18PX40S,,,,,,,,
F2201001729,2022-01-26,1101909331,NS ASO PLS 14GX18PX40S,,,,,,,,
F2201001730,2022-01-26,1101909331,NS ASO PLS 14GX18PX40S,,,,,,,,
F2201001731,2022-01-26,1101909331,NS ASO PLS 14GX18PX40S,,,,,,,,
F2201001732,2022-01-26,1101909331,NS ASO PLS 14GX18PX40S,,,,,,,,
F2201001733,2022-01-26,1101909331,NS ASO PLS 14GX18PX40S,,,,,,,,
F2201001734,2022-01-26,1101909331,NS ASO PLS 14GX18PX40S,,,,,,,,
F2201001735,2022-01-26,1101909331,NS ASO PLS 14GX18PX40S,,,,,,,,
F2201001736,2022-01-26,1101909331,NS ASO PLS 14GX18PX40S,,,,,,,,
F2201001737,2022-01-26,1101909331,NS ASO PLS 14GX18PX40S,,,,,,,,
F2201001738,2022-01-26,1101909331,NS ASO PLS 14GX18PX40S,,,,,,,,
F2201001739,2022-01-26,1101909331,NS ASO PLS 14GX18PX40S,,,,,,,,
F2201001740,2022-01-26,1101909331,NS ASO PLS 14GX18PX40S,,,,,,,,
F2201001741,2022-01-26,1101909331,NS ASO PLS 14GX18PX40S,,,,,,,,
F2201001742,2022-01-26,1101909331,NS ASO PLS 14GX18PX40S,,,,,,,,
F2201001743,2022-01-26,1101909331,NS ASO PLS 14GX18PX40S,,,,,,,,
F2201001744,2022-01-26,1101909331,NS ASO PLS 14GX18PX40S,,,,,,,,
F2201001745,2022-01-26,1101909331,NS ASO PLS 14GX18PX40S,,,,,,,,
F2201001746,2022-01-26,1101909331,NS ASO PLS 14GX18PX40S,,,,,,,,
F2201001747,2022-01-26,1101983453,NS JERUK MAROKO PLS 4PX40SX14G,,,,,,,,
F2201001880,2022-01-26,1101983453,NS JERUK MAROKO PLS 4PX40SX14G,,,,,,,,
F2201001881,2022-01-26,1101983453,NS JERUK MAROKO PLS 4PX40SX14G,,,,,,,,
F2201001882,2022-01-26,1101983453,NS JERUK MAROKO PLS 4PX40SX14G,,,,,,,,
F2201001883,2022-01-26,1101983453,NS JERUK MAROKO PLS 4PX40SX14G,,,,,,,,
F2201001884,2022-01-26,1101983453,NS JERUK MAROKO PLS 4PX40SX14G,,,,,,,,
F2201001885,2022-01-26,1101983453,NS JERUK MAROKO PLS 4PX40SX14G,,,,,,,,
F2201001886,2022-01-26,1101983453,NS JERUK MAROKO PLS 4PX40SX14G,,,,,,,,
F2201001887,2022-01-26,1101983453,NS JERUK MAROKO PLS 4PX40SX14G,,,,,,,,
F2201001888,2022-01-26,1101983453,NS JERUK MAROKO PLS 4PX40SX14G,,,,,,,,
F2201001889,2022-01-26,2102500125,TS SWT CLASSIC 50S (24D),,,,,,,,
F2201001930,2022-01-26,2102500125,TS SWT CLASSIC 50S (24D),,,,,,,,
F2201001931,2022-01-26,2102500125,TS SWT CLASSIC 50S (24D),,,,,,,,
F2201001932,2022-01-26,2102900130,TS SWT DIABETICS 100S (12D),,,,,,,,
F2201001933,2022-01-26,2102900130,TS SWT DIABETICS 100S (12D),,,,,,,,
F2201001934,2022-01-26,2102900130,TS SWT DIABETICS 100S (12D),,,,,,,,
F2201001935,2022-01-26,2102900130,TS SWT DIABETICS 100S (12D),,,,,,,,
F2201001936,2022-01-26,5103300130AE,TS SWT STEVIA DIET STICKS 12DX100SX1.5G DUBAI,,,,,,,,
F2201001939,2022-01-26,5103300130PK,TS SWT STEVIA DIET STICKS 12DX100SX1.5G PAKISTAN,,,,,,,,
F2201001938,2022-01-27,5103201711KW,TS SWT SUCRALOSE TABLET NFI 2SBX10BLISTERX100TABLETS KUWAIT,,,,,,,,
F2201001953,2022-01-27,5103201713KW,TS SWT SUCRALOSE TABLET NFI 2SBX10BLISTERX300TABLETS KUWAIT,,,,,,,,
F2201001994,2022-01-27,5103201PCS,FORMING TS SWT SUCRALOSE TABLET NFI,,,,,,,,
F2201001987,2022-01-27,5103201PCS,FORMING TS SWT SUCRALOSE TABLET NFI,,,,,,,,
F2201001988,2022-01-27,5103201PCS,FORMING TS SWT SUCRALOSE TABLET NFI,,,,,,,,
F2201001989,2022-01-27,1101525453,NS SWEET GUAVA PLS 4PX40SX11G,,,,,,,,
F2201001560,2022-01-27,1101525453,NS SWEET GUAVA PLS 4PX40SX11G,,,,,,,,
F2201001561,2022-01-27,1101525453,NS SWEET GUAVA PLS 4PX40SX11G,,,,,,,,
F2201001562,2022-01-27,1101525453,NS SWEET GUAVA PLS 4PX40SX11G,,,,,,,,
F2201001563,2022-01-27,1101525453,NS SWEET GUAVA PLS 4PX40SX11G,,,,,,,,
F2201001564,2022-01-27,1101525453,NS SWEET GUAVA PLS 4PX40SX11G,,,,,,,,
F2201001565,2022-01-27,1101525453,NS SWEET GUAVA PLS 4PX40SX11G,,,,,,,,
F2201001566,2022-01-27,1101525453,NS SWEET GUAVA PLS 4PX40SX11G,,,,,,,,
F2201001567,2022-01-27,1101525453,NS SWEET GUAVA PLS 4PX40SX11G,,,,,,,,
F2201001568,2022-01-27,1101525453,NS SWEET GUAVA PLS 4PX40SX11G,,,,,,,,
F2201001569,2022-01-27,1101525453,NS SWEET GUAVA PLS 4PX40SX11G,,,,,,,,
F2201001570,2022-01-27,1101525453,NS SWEET GUAVA PLS 4PX40SX11G,,,,,,,,
F2201001571,2022-01-27,1101525453,NS SWEET GUAVA PLS 4PX40SX11G,,,,,,,,
F2201001572,2022-01-27,1101525453,NS SWEET GUAVA PLS 4PX40SX11G,,,,,,,,
F2201001573,2022-01-27,1101525453,NS SWEET GUAVA PLS 4PX40SX11G,,,,,,,,
F2201001574,2022-01-27,1101525453,NS SWEET GUAVA PLS 4PX40SX11G,,,,,,,,
F2201001575,2022-01-27,1101909331,NS ASO PLS 14GX18PX40S,,,,,,,,
F2201001748,2022-01-27,1101909331,NS ASO PLS 14GX18PX40S,,,,,,,,
F2201001749,2022-01-27,1101909331,NS ASO PLS 14GX18PX40S,,,,,,,,
F2201001750,2022-01-27,1101909331,NS ASO PLS 14GX18PX40S,,,,,,,,
F2201001751,2022-01-27,1101909331,NS ASO PLS 14GX18PX40S,,,,,,,,
F2201001752,2022-01-27,1101909331,NS ASO PLS 14GX18PX40S,,,,,,,,
F2201001753,2022-01-27,1101909331,NS ASO PLS 14GX18PX40S,,,,,,,,
F2201001754,2022-01-27,1101909331,NS ASO PLS 14GX18PX40S,,,,,,,,
F2201001755,2022-01-27,1101909331,NS ASO PLS 14GX18PX40S,,,,,,,,
F2201001756,2022-01-27,1101909331,NS ASO PLS 14GX18PX40S,,,,,,,,
F2201001757,2022-01-27,1101909331,NS ASO PLS 14GX18PX40S,,,,,,,,
F2201001758,2022-01-27,1101909331,NS ASO PLS 14GX18PX40S,,,,,,,,
F2201001759,2022-01-27,1101909331,NS ASO PLS 14GX18PX40S,,,,,,,,
F2201001760,2022-01-27,1101909331,NS ASO PLS 14GX18PX40S,,,,,,,,
F2201001761,2022-01-27,1101909331,NS ASO PLS 14GX18PX40S,,,,,,,,
F2201001762,2022-01-27,1101909331,NS ASO PLS 14GX18PX40S,,,,,,,,
F2201001763,2022-01-27,1101909331,NS ASO PLS 14GX18PX40S,,,,,,,,
F2201001764,2022-01-27,1101909331,NS ASO PLS 14GX18PX40S,,,,,,,,
F2201001765,2022-01-27,1101909331,NS ASO PLS 14GX18PX40S,,,,,,,,
F2201001766,2022-01-27,1101909331,NS ASO PLS 14GX18PX40S,,,,,,,,
F2201001767,2022-01-27,1101909331,NS ASO PLS 14GX18PX40S,,,,,,,,
F2201001768,2022-01-27,1101909331,NS ASO PLS 14GX18PX40S,,,,,,,,
F2201001769,2022-01-27,1101909331,NS ASO PLS 14GX18PX40S,,,,,,,,
F2201001770,2022-01-27,1101909331,NS ASO PLS 14GX18PX40S,,,,,,,,
F2201001771,2022-01-27,1101909331,NS ASO PLS 14GX18PX40S,,,,,,,,
F2201001772,2022-01-27,1101909331,NS ASO PLS 14GX18PX40S,,,,,,,,
F2201001773,2022-01-27,1101909331,NS ASO PLS 14GX18PX40S,,,,,,,,
F2201001774,2022-01-27,1101909331,NS ASO PLS 14GX18PX40S,,,,,,,,
F2201001775,2022-01-27,1101909331,NS ASO PLS 14GX18PX40S,,,,,,,,
F2201001776,2022-01-27,1101909331,NS ASO PLS 14GX18PX40S,,,,,,,,
F2201001777,2022-01-27,1101909331,NS ASO PLS 14GX18PX40S,,,,,,,,
F2201001778,2022-01-27,1101909331,NS ASO PLS 14GX18PX40S,,,,,,,,
F2201001779,2022-01-27,1101909331,NS ASO PLS 14GX18PX40S,,,,,,,,
F2201001780,2022-01-27,1101909331,NS ASO PLS 14GX18PX40S,,,,,,,,
F2201001781,2022-01-27,1101909331,NS ASO PLS 14GX18PX40S,,,,,,,,
F2201001782,2022-01-27,1101909331,NS ASO PLS 14GX18PX40S,,,,,,,,
F2201001783,2022-01-27,1101909331,NS ASO PLS 14GX18PX40S,,,,,,,,
F2201001784,2022-01-27,1101909331,NS ASO PLS 14GX18PX40S,,,,,,,,
F2201001785,2022-01-27,1101909331,NS ASO PLS 14GX18PX40S,,,,,,,,
F2201001786,2022-01-27,1101909331,NS ASO PLS 14GX18PX40S,,,,,,,,
F2201001787,2022-01-27,1101909331,NS ASO PLS 14GX18PX40S,,,,,,,,
F2201001788,2022-01-27,1101909331,NS ASO PLS 14GX18PX40S,,,,,,,,
F2201001789,2022-01-27,1101909331,NS ASO PLS 14GX18PX40S,,,,,,,,
F2201001790,2022-01-27,1101909331,NS ASO PLS 14GX18PX40S,,,,,,,,
F2201001791,2022-01-27,1101909331,NS ASO PLS 14GX18PX40S,,,,,,,,
F2201001792,2022-01-27,1101909331,NS ASO PLS 14GX18PX40S,,,,,,,,
F2201001793,2022-01-27,1101909331,NS ASO PLS 14GX18PX40S,,,,,,,,
F2201001794,2022-01-27,1101909331,NS ASO PLS 14GX18PX40S,,,,,,,,
F2201001795,2022-01-27,1101954453,NS SEMANGKA PLS 4PX40SX13G,,,,,,,,
F2201001848,2022-01-27,1101954453,NS SEMANGKA PLS 4PX40SX13G,,,,,,,,
F2201001849,2022-01-27,1101954453,NS SEMANGKA PLS 4PX40SX13G,,,,,,,,
F2201001850,2022-01-27,1101954453,NS SEMANGKA PLS 4PX40SX13G,,,,,,,,
F2201001851,2022-01-27,1101954453,NS SEMANGKA PLS 4PX40SX13G,,,,,,,,
F2201001852,2022-01-27,1101954453,NS SEMANGKA PLS 4PX40SX13G,,,,,,,,
F2201001853,2022-01-27,1101954453,NS SEMANGKA PLS 4PX40SX13G,,,,,,,,
F2201001854,2022-01-27,1101954453,NS SEMANGKA PLS 4PX40SX13G,,,,,,,,
F2201001855,2022-01-27,1101976453,NS MARKISA PLS 4PX40SX14G,,,,,,,,
F2201001856,2022-01-27,1101976453,NS MARKISA PLS 4PX40SX14G,,,,,,,,
F2201001857,2022-01-27,1101976453,NS MARKISA PLS 4PX40SX14G,,,,,,,,
F2201001858,2022-01-27,1101976453,NS MARKISA PLS 4PX40SX14G,,,,,,,,
F2201001859,2022-01-27,1101976453,NS MARKISA PLS 4PX40SX14G,,,,,,,,
F2201001860,2022-01-27,1101976453,NS MARKISA PLS 4PX40SX14G,,,,,,,,
F2201001861,2022-01-27,1101987453,NS MANGGA GANDARIA PLS 4PX40SX14G,,,,,,,,
F2201001890,2022-01-27,1101987453,NS MANGGA GANDARIA PLS 4PX40SX14G,,,,,,,,
F2201001891,2022-01-27,1101987453,NS MANGGA GANDARIA PLS 4PX40SX14G,,,,,,,,
F2201001892,2022-01-27,1101987453,NS MANGGA GANDARIA PLS 4PX40SX14G,,,,,,,,
F2201001893,2022-01-27,1101987453,NS MANGGA GANDARIA PLS 4PX40SX14G,,,,,,,,
F2201001894,2022-01-27,1101987453,NS MANGGA GANDARIA PLS 4PX40SX14G,,,,,,,,
F2201001895,2022-01-27,2102500125,TS SWT CLASSIC 50S (24D),,,,,,,,
F2201001944,2022-01-27,2102500125,TS SWT CLASSIC 50S (24D),,,,,,,,
F2201001945,2022-01-27,2102500125,TS SWT CLASSIC 50S (24D),,,,,,,,
F2201001946,2022-01-27,2102500125,TS SWT CLASSIC 50S (24D),,,,,,,,
F2201001947,2022-01-27,2102500130,TS SWT 100S (12D),,,,,,,,
F2201001948,2022-01-27,2102900130,TS SWT DIABETICS 100S (12D),,,,,,,,
F2201001949,2022-01-27,2102900130,TS SWT DIABETICS 100S (12D),,,,,,,,
F2201001950,2022-01-27,5102900852AE,TS LOW CALORIE SWT WITH SUCRALOSE HORECA LOOSEPACK STICK 12PX100SX2G DUBAI,,,,,,,,
F2201001951,2022-01-27,5102900856IQ,TS SWT LOW CALORIE WITH SUCRALOSE HORECA LOOSEPACK STICK NEW 12PX125SX2G IRAQ,,,,,,,,
F2201001952,2022-01-28,5103201713KW,TS SWT SUCRALOSE TABLET NFI 2SBX10BLISTERX300TABLETS KUWAIT,,,,,,,,
F2201001995,2022-01-28,5103201713KW,TS SWT SUCRALOSE TABLET NFI 2SBX10BLISTERX300TABLETS KUWAIT,,,,,,,,
F2201001996,2022-01-28,1101525453,NS SWEET GUAVA PLS 4PX40SX11G,,,,,,,,
F2201001576,2022-01-28,1101525453,NS SWEET GUAVA PLS 4PX40SX11G,,,,,,,,
F2201001577,2022-01-28,1101525453,NS SWEET GUAVA PLS 4PX40SX11G,,,,,,,,
F2201001578,2022-01-28,1101525453,NS SWEET GUAVA PLS 4PX40SX11G,,,,,,,,
F2201001579,2022-01-28,1101909331,NS ASO PLS 14GX18PX40S,,,,,,,,
F2201001796,2022-01-28,1101909331,NS ASO PLS 14GX18PX40S,,,,,,,,
F2201001797,2022-01-28,1101909331,NS ASO PLS 14GX18PX40S,,,,,,,,
F2201001798,2022-01-28,1101909331,NS ASO PLS 14GX18PX40S,,,,,,,,
F2201001799,2022-01-28,1101909331,NS ASO PLS 14GX18PX40S,,,,,,,,
F2201001800,2022-01-28,1101909331,NS ASO PLS 14GX18PX40S,,,,,,,,
F2201001801,2022-01-28,1101909331,NS ASO PLS 14GX18PX40S,,,,,,,,
F2201001802,2022-01-28,1101909331,NS ASO PLS 14GX18PX40S,,,,,,,,
F2201001803,2022-01-28,1101909331,NS ASO PLS 14GX18PX40S,,,,,,,,
F2201001804,2022-01-28,1101909331,NS ASO PLS 14GX18PX40S,,,,,,,,
F2201001805,2022-01-28,1101909331,NS ASO PLS 14GX18PX40S,,,,,,,,
F2201001806,2022-01-28,1101909331,NS ASO PLS 14GX18PX40S,,,,,,,,
F2201001807,2022-01-28,1101909331,NS ASO PLS 14GX18PX40S,,,,,,,,
F2201001808,2022-01-28,1101909331,NS ASO PLS 14GX18PX40S,,,,,,,,
F2201001809,2022-01-28,1101909331,NS ASO PLS 14GX18PX40S,,,,,,,,
F2201001810,2022-01-28,1101909331,NS ASO PLS 14GX18PX40S,,,,,,,,
F2201001811,2022-01-28,1101909331,NS ASO PLS 14GX18PX40S,,,,,,,,
F2201001812,2022-01-28,1101909331,NS ASO PLS 14GX18PX40S,,,,,,,,
F2201001813,2022-01-28,1101909331,NS ASO PLS 14GX18PX40S,,,,,,,,
F2201001814,2022-01-28,1101909331,NS ASO PLS 14GX18PX40S,,,,,,,,
F2201001815,2022-01-28,1101909331,NS ASO PLS 14GX18PX40S,,,,,,,,
F2201001816,2022-01-28,1101909331,NS ASO PLS 14GX18PX40S,,,,,,,,
F2201001817,2022-01-28,1101909331,NS ASO PLS 14GX18PX40S,,,,,,,,
F2201001818,2022-01-28,1101909331,NS ASO PLS 14GX18PX40S,,,,,,,,
F2201001819,2022-01-28,1101909331,NS ASO PLS 14GX18PX40S,,,,,,,,
F2201001820,2022-01-28,1101909331,NS ASO PLS 14GX18PX40S,,,,,,,,
F2201001821,2022-01-28,1101909331,NS ASO PLS 14GX18PX40S,,,,,,,,
F2201001822,2022-01-28,1101909331,NS ASO PLS 14GX18PX40S,,,,,,,,
F2201001823,2022-01-28,1101909331,NS ASO PLS 14GX18PX40S,,,,,,,,
F2201001824,2022-01-28,1101909331,NS ASO PLS 14GX18PX40S,,,,,,,,
F2201001825,2022-01-28,1101909331,NS ASO PLS 14GX18PX40S,,,,,,,,
F2201001826,2022-01-28,1101909331,NS ASO PLS 14GX18PX40S,,,,,,,,
F2201001827,2022-01-28,1101909331,NS ASO PLS 14GX18PX40S,,,,,,,,
F2201001828,2022-01-28,1101909331,NS ASO PLS 14GX18PX40S,,,,,,,,
F2201001829,2022-01-28,1101909331,NS ASO PLS 14GX18PX40S,,,,,,,,
F2201001830,2022-01-28,1101909331,NS ASO PLS 14GX18PX40S,,,,,,,,
F2201001831,2022-01-28,1101909331,NS ASO PLS 14GX18PX40S,,,,,,,,
F2201001832,2022-01-28,1101909331,NS ASO PLS 14GX18PX40S,,,,,,,,
F2201001833,2022-01-28,1101909331,NS ASO PLS 14GX18PX40S,,,,,,,,
F2201001834,2022-01-28,1101909331,NS ASO PLS 14GX18PX40S,,,,,,,,
F2201001835,2022-01-28,1101909331,NS ASO PLS 14GX18PX40S,,,,,,,,
F2201001836,2022-01-28,1101909331,NS ASO PLS 14GX18PX40S,,,,,,,,
F2201001837,2022-01-28,1101909331,NS ASO PLS 14GX18PX40S,,,,,,,,
F2201001838,2022-01-28,1101909331,NS ASO PLS 14GX18PX40S,,,,,,,,
F2201001839,2022-01-28,1101930453,NS COCOPANDAN PLS 4PX40SX13G,,,,,,,,
F2201001840,2022-01-28,1101930453,NS COCOPANDAN PLS 4PX40SX13G,,,,,,,,
F2201001841,2022-01-28,1101930453,NS COCOPANDAN PLS 4PX40SX13G,,,,,,,,
F2201001842,2022-01-28,1101930453,NS COCOPANDAN PLS 4PX40SX13G,,,,,,,,
F2201001843,2022-01-28,1101930453,NS COCOPANDAN PLS 4PX40SX13G,,,,,,,,
F2201001844,2022-01-28,1101930453,NS COCOPANDAN PLS 4PX40SX13G,,,,,,,,
F2201001845,2022-01-28,1101930453,NS COCOPANDAN PLS 4PX40SX13G,,,,,,,,
F2201001846,2022-01-28,1101930453,NS COCOPANDAN PLS 4PX40SX13G,,,,,,,,
F2201001847,2022-01-28,1101976453,NS MARKISA PLS 4PX40SX14G,,,,,,,,
F2201001862,2022-01-28,1101976453,NS MARKISA PLS 4PX40SX14G,,,,,,,,
F2201001863,2022-01-28,1101976453,NS MARKISA PLS 4PX40SX14G,,,,,,,,
F2201001864,2022-01-28,1101976453,NS MARKISA PLS 4PX40SX14G,,,,,,,,
F2201001865,2022-01-28,1101976453,NS MARKISA PLS 4PX40SX14G,,,,,,,,
F2201001866,2022-01-28,1101976453,NS MARKISA PLS 4PX40SX14G,,,,,,,,
F2201001867,2022-01-28,1101976453,NS MARKISA PLS 4PX40SX14G,,,,,,,,
F2201001868,2022-01-28,1101976453,NS MARKISA PLS 4PX40SX14G,,,,,,,,
F2201001869,2022-01-28,1101976453,NS MARKISA PLS 4PX40SX14G,,,,,,,,
F2201001870,2022-01-28,1101976453,NS MARKISA PLS 4PX40SX14G,,,,,,,,
F2201001871,2022-01-28,1101989453,NS ES CINCAU PLS 4PX40SX13G,,,,,,,,
F2201001896,2022-01-28,1101989453,NS ES CINCAU PLS 4PX40SX13G,,,,,,,,
F2201001897,2022-01-28,1101989453,NS ES CINCAU PLS 4PX40SX13G,,,,,,,,
F2201001898,2022-01-28,1101989453,NS ES CINCAU PLS 4PX40SX13G,,,,,,,,
F2201001899,2022-01-28,1101989453,NS ES CINCAU PLS 4PX40SX13G,,,,,,,,
F2201001900,2022-01-28,1101989453,NS ES CINCAU PLS 4PX40SX13G,,,,,,,,
F2201001901,2022-01-28,1101989453,NS ES CINCAU PLS 4PX40SX13G,,,,,,,,
F2201001902,2022-01-28,1101989453,NS ES CINCAU PLS 4PX40SX13G,,,,,,,,
F2201001903,2022-01-28,2102500130,TS SWT 100S (12D),,,,,,,,
F2201001958,2022-01-28,2102500130,TS SWT 100S (12D),,,,,,,,
F2201001959,2022-01-28,2102500130,TS SWT 100S (12D),,,,,,,,
F2201001960,2022-01-28,2102900125,TS SWT DIABETICS 50S (24D),,,,,,,,
F2201001961,2022-01-28,2102900125,TS SWT DIABETICS 50S (24D),,,,,,,,
F2201001962,2022-01-28,2102900125,TS SWT DIABETICS 50S (24D),,,,,,,,
F2201001963,2022-01-28,2103300125,TS SWT STEVIA 24DX50SX2.6G,,,,,,,,
F2201001964,2022-01-28,5102900856IQ,TS SWT LOW CALORIE WITH SUCRALOSE HORECA LOOSEPACK STICK NEW 12PX125SX2G IRAQ,,,,,,,,
F2201001965,2022-01-31,5103300125KW,TS SWT STEVIA DIET STICKS 24DX50SX1.5G KUWAIT,,,,,,,,
F2201002077,2022-01-31,1101436453,NS SIRSAK PLS 4PX40SX12G,,,,,,,,
F2201001997,2022-01-31,1101436453,NS SIRSAK PLS 4PX40SX12G,,,,,,,,
F2201001998,2022-01-31,1101436453,NS SIRSAK PLS 4PX40SX12G,,,,,,,,
F2201001999,2022-01-31,1101436453,NS SIRSAK PLS 4PX40SX12G,,,,,,,,
F2201002000,2022-01-31,1101436453,NS SIRSAK PLS 4PX40SX12G,,,,,,,,
F2201002001,2022-01-31,1101436453,NS SIRSAK PLS 4PX40SX12G,,,,,,,,
F2201002002,2022-01-31,1101436453,NS SIRSAK PLS 4PX40SX12G,,,,,,,,
F2201002003,2022-01-31,1101436453,NS SIRSAK PLS 4PX40SX12G,,,,,,,,
F2201002004,2022-01-31,1101531453,NS LECI PLS 4PX40SX11G,,,,,,,,
F2201002005,2022-01-31,1101531453,NS LECI PLS 4PX40SX11G,,,,,,,,
F2201002006,2022-01-31,1101531453,NS LECI PLS 4PX40SX11G,,,,,,,,
F2201002007,2022-01-31,1101531453,NS LECI PLS 4PX40SX11G,,,,,,,,
F2201002008,2022-01-31,1101558453,NS JERUK NIPIS PLS 4PX40SX11G,,,,,,,,
F2201002009,2022-01-31,1101558453,NS JERUK NIPIS PLS 4PX40SX11G,,,,,,,,
F2201002010,2022-01-31,1101558453,NS JERUK NIPIS PLS 4PX40SX11G,,,,,,,,
F2201002011,2022-01-31,1101558453,NS JERUK NIPIS PLS 4PX40SX11G,,,,,,,,
F2201002012,2022-01-31,1101558453,NS JERUK NIPIS PLS 4PX40SX11G,,,,,,,,
F2201002013,2022-01-31,1101558453,NS JERUK NIPIS PLS 4PX40SX11G,,,,,,,,
F2201002014,2022-01-31,1101558453,NS JERUK NIPIS PLS 4PX40SX11G,,,,,,,,
F2201002015,2022-01-31,1101558453,NS JERUK NIPIS PLS 4PX40SX11G,,,,,,,,
F2201002016,2022-01-31,1101558453,NS JERUK NIPIS PLS 4PX40SX11G,,,,,,,,
F2201002017,2022-01-31,1101558453,NS JERUK NIPIS PLS 4PX40SX11G,,,,,,,,
F2201002018,2022-01-31,1101558453,NS JERUK NIPIS PLS 4PX40SX11G,,,,,,,,
F2201002019,2022-01-31,1101558453,NS JERUK NIPIS PLS 4PX40SX11G,,,,,,,,
F2201002020,2022-01-31,1101558453,NS JERUK NIPIS PLS 4PX40SX11G,,,,,,,,
F2201002021,2022-01-31,1101558453,NS JERUK NIPIS PLS 4PX40SX11G,,,,,,,,
F2201002022,2022-01-31,1101558453,NS JERUK NIPIS PLS 4PX40SX11G,,,,,,,,
F2201002023,2022-01-31,1101558453,NS JERUK NIPIS PLS 4PX40SX11G,,,,,,,,
F2201002024,2022-01-31,1101580453,NS KELAPA MUDA PLS 4PX40SX11G,,,,,,,,
F2201002025,2022-01-31,1101580453,NS KELAPA MUDA PLS 4PX40SX11G,,,,,,,,
F2201002026,2022-01-31,1101580453,NS KELAPA MUDA PLS 4PX40SX11G,,,,,,,,
F2201002027,2022-01-31,1101580453,NS KELAPA MUDA PLS 4PX40SX11G,,,,,,,,
F2201002028,2022-01-31,1101909331,NS ASO PLS 14GX18PX40S,,,,,,,,
F2201002029,2022-01-31,1101909331,NS ASO PLS 14GX18PX40S,,,,,,,,
F2201002030,2022-01-31,1101909331,NS ASO PLS 14GX18PX40S,,,,,,,,
F2201002031,2022-01-31,1101909331,NS ASO PLS 14GX18PX40S,,,,,,,,
F2201002032,2022-01-31,1101909331,NS ASO PLS 14GX18PX40S,,,,,,,,
F2201002033,2022-01-31,1101909331,NS ASO PLS 14GX18PX40S,,,,,,,,
F2201002034,2022-01-31,1101909331,NS ASO PLS 14GX18PX40S,,,,,,,,
F2201002035,2022-01-31,1101909331,NS ASO PLS 14GX18PX40S,,,,,,,,
F2201002036,2022-01-31,1101909331,NS ASO PLS 14GX18PX40S,,,,,,,,
F2201002037,2022-01-31,1101909331,NS ASO PLS 14GX18PX40S,,,,,,,,
F2201002038,2022-01-31,1101909331,NS ASO PLS 14GX18PX40S,,,,,,,,
F2201002039,2022-01-31,1101909331,NS ASO PLS 14GX18PX40S,,,,,,,,
F2201002040,2022-01-31,1101909331,NS ASO PLS 14GX18PX40S,,,,,,,,
F2201002041,2022-01-31,1101909331,NS ASO PLS 14GX18PX40S,,,,,,,,
F2201002042,2022-01-31,1101909331,NS ASO PLS 14GX18PX40S,,,,,,,,
F2201002043,2022-01-31,1101909331,NS ASO PLS 14GX18PX40S,,,,,,,,
F2201002044,2022-01-31,1101909331,NS ASO PLS 14GX18PX40S,,,,,,,,
F2201002045,2022-01-31,1101909331,NS ASO PLS 14GX18PX40S,,,,,,,,
F2201002046,2022-01-31,1101909331,NS ASO PLS 14GX18PX40S,,,,,,,,
F2201002047,2022-01-31,1101909331,NS ASO PLS 14GX18PX40S,,,,,,,,
F2201002048,2022-01-31,1101909331,NS ASO PLS 14GX18PX40S,,,,,,,,
F2201002049,2022-01-31,1101909331,NS ASO PLS 14GX18PX40S,,,,,,,,
F2201002050,2022-01-31,1101909331,NS ASO PLS 14GX18PX40S,,,,,,,,
F2201002051,2022-01-31,1101909331,NS ASO PLS 14GX18PX40S,,,,,,,,
F2201002052,2022-01-31,1101909331,NS ASO PLS 14GX18PX40S,,,,,,,,
F2201002053,2022-01-31,1101909331,NS ASO PLS 14GX18PX40S,,,,,,,,
F2201002054,2022-01-31,1101909331,NS ASO PLS 14GX18PX40S,,,,,,,,
F2201002055,2022-01-31,1101909331,NS ASO PLS 14GX18PX40S,,,,,,,,
F2201002056,2022-01-31,1101909331,NS ASO PLS 14GX18PX40S,,,,,,,,
F2201002057,2022-01-31,1101909331,NS ASO PLS 14GX18PX40S,,,,,,,,
F2201002058,2022-01-31,1101909331,NS ASO PLS 14GX18PX40S,,,,,,,,
F2201002059,2022-01-31,1101909331,NS ASO PLS 14GX18PX40S,,,,,,,,
F2201002060,2022-01-31,1101909331,NS ASO PLS 14GX18PX40S,,,,,,,,
F2201002061,2022-01-31,1101909331,NS ASO PLS 14GX18PX40S,,,,,,,,
F2201002062,2022-01-31,1101909331,NS ASO PLS 14GX18PX40S,,,,,,,,
F2201002063,2022-01-31,1101909331,NS ASO PLS 14GX18PX40S,,,,,,,,
F2201002064,2022-01-31,1101909331,NS ASO PLS 14GX18PX40S,,,,,,,,
F2201002065,2022-01-31,1101909331,NS ASO PLS 14GX18PX40S,,,,,,,,
F2201002066,2022-01-31,1101909331,NS ASO PLS 14GX18PX40S,,,,,,,,
F2201002067,2022-01-31,1101909331,NS ASO PLS 14GX18PX40S,,,,,,,,
F2201002068,2022-01-31,2102500130,TS SWT 100S (12D),,,,,,,,
F2201002069,2022-01-31,2102500130,TS SWT 100S (12D),,,,,,,,
F2201002070,2022-01-31,2102900125,TS SWT DIABETICS 50S (24D),,,,,,,,
F2201002071,2022-01-31,2102900125,TS SWT DIABETICS 50S (24D),,,,,,,,
F2201002072,2022-01-31,2102900125,TS SWT DIABETICS 50S (24D),,,,,,,,
F2201002073,2022-01-31,2102900125,TS SWT DIABETICS 50S (24D),,,,,,,,
F2201002074,2022-01-31,2102900125,TS SWT DIABETICS 50S (24D),,,,,,,,
